-- admin 추가
insert into user_account(user_id, password, role_type, email, nickname, memo, created_at, modified_at)
values ('admin', '$2a$10$MRoAwXIsWzYskEaj1U9lOOoM84B6EPoR.yj5tQyR72iSgVp2HayG6', 'ADMIN', 'admin@email.com', 'admin', null, now(), now()),
       ('tester', '$2a$10$MRoAwXIsWzYskEaj1U9lOOoM84B6EPoR.yj5tQyR72iSgVp2HayG6', 'USER', 'tester@email.com', 'tester', null, now(), now()),
       ('tester2', '$2a$10$MRoAwXIsWzYskEaj1U9lOOoM84B6EPoR.yj5tQyR72iSgVp2HayG6', 'USER', 'tester@email.com', 'tester', null, now(), now());

-- 공지사항
insert into notice_board(user_id, title, content, created_by, created_at, modified_by, modified_at)
values ('admin', 'title1', 'content1', 'admin', now() - interval '23 day', 'admin', now() - interval '23 day'),
       ('admin', 'title2', 'content2', 'admin', now() - interval '22 day', 'admin', now() - interval '22 day'),
       ('admin', 'title3', 'content3', 'admin', now() - interval '21 day', 'admin', now() - interval '21 day'),
       ('admin', 'title4', 'content4', 'admin', now() - interval '20 day', 'admin', now() - interval '20 day'),
       ('admin', 'title5', 'content5', 'admin', now() - interval '19 day', 'admin', now() - interval '19 day'),
       ('admin', 'title6', 'content6', 'admin', now() - interval '18 day', 'admin', now() - interval '18 day'),
       ('admin', 'title7', 'content7', 'admin', now() - interval '17 day', 'admin', now() - interval '17 day'),
       ('admin', 'title8', 'content8', 'admin', now() - interval '16 day', 'admin', now() - interval '16 day'),
       ('admin', 'title9', 'content9', 'admin', now() - interval '15 day', 'admin', now() - interval '15 day'),
       ('admin', 'title10', 'content10', 'admin', now() - interval '14 day', 'admin', now() - interval '14 day'),
       ('admin', 'title11', 'content11', 'admin', now() - interval '13 day', 'admin', now() - interval '13 day'),
       ('admin', 'title12', 'content12', 'admin', now() - interval '12 day', 'admin', now() - interval '12 day'),
       ('admin', 'title13', 'content13', 'admin', now() - interval '11 day', 'admin', now() - interval '11 day'),
       ('admin', 'title14', 'content14', 'admin', now() - interval '10 day', 'admin', now() - interval '10 day'),
       ('admin', 'title15', 'content15', 'admin', now() - interval '10 day', 'admin', now() - interval '10 day'),
       ('admin', 'title16', 'content16', 'admin', now() - interval '10 day', 'admin', now() - interval '10 day'),
       ('admin', 'title17', 'content17', 'admin', now() - interval '10 day', 'admin', now() - interval '10 day'),
       ('admin', 'title18', 'content18', 'admin', now() - interval '10 day', 'admin', now() - interval '10 day'),
       ('admin', 'title19', 'content19', 'admin', now() - interval '9 day', 'admin', now() - interval '9 day'),
       ('admin', 'title20', 'content20', 'admin', now() - interval '9 day', 'admin', now() - interval '9 day'),
       ('admin', 'title21', 'content21', 'admin', now() - interval '9 day', 'admin', now() - interval '9 day'),
       ('admin', 'title22', 'content22', 'admin', now() - interval '9 day', 'admin', now() - interval '9 day'),
       ('admin', 'title23', 'content23', 'admin', now() - interval '9 day', 'admin', now() - interval '9 day'),
       ('admin', 'title24', 'content24', 'admin', now() - interval '9 day', 'admin', now() - interval '9 day'),
       ('admin', 'title25', 'content25', 'admin', now() - interval '8 day', 'admin', now() - interval '8 day'),
       ('admin', 'title26', 'content26', 'admin', now() - interval '8 day', 'admin', now() - interval '8 day'),
       ('admin', 'title27', 'content27', 'admin', now() - interval '8 day', 'admin', now() - interval '8 day'),
       ('admin', 'title28', 'content28', 'admin', now() - interval '8 day', 'admin', now() - interval '8 day'),
       ('admin', 'title29', 'content29', 'admin', now() - interval '8 day', 'admin', now() - interval '8 day'),
       ('admin', 'title30', 'content30', 'admin', now() - interval '8 day', 'admin', now() - interval '8 day'),
       ('admin', 'title31', 'content31', 'admin', now() - interval '8 day', 'admin', now() - interval '8 day'),
       ('admin', 'title32', 'content32', 'admin', now() - interval '7 day', 'admin', now() - interval '7 day'),
       ('admin', 'title33', 'content33', 'admin', now() - interval '7 day', 'admin', now() - interval '7 day'),
       ('admin', 'title34', 'content34', 'admin', now() - interval '7 day', 'admin', now() - interval '7 day'),
       ('admin', 'title35', 'content35', 'admin', now() - interval '7 day', 'admin', now() - interval '7 day'),
       ('admin', 'title36', 'content36', 'admin', now() - interval '7 day', 'admin', now() - interval '7 day'),
       ('admin', 'title37', 'content37', 'admin', now() - interval '7 day', 'admin', now() - interval '7 day'),
       ('admin', 'title38', 'content38', 'admin', now() - interval '7 day', 'admin', now() - interval '7 day'),
       ('admin', 'title39', 'content39', 'admin', now() - interval '6 day', 'admin', now() - interval '6 day'),
       ('admin', 'title40', 'content40', 'admin', now() - interval '6 day', 'admin', now() - interval '6 day'),
       ('admin', 'title41', 'content41', 'admin', now() - interval '6 day', 'admin', now() - interval '6 day'),
       ('admin', 'title42', 'content42', 'admin', now() - interval '6 day', 'admin', now() - interval '6 day'),
       ('admin', 'title43', 'content43', 'admin', now() - interval '6 day', 'admin', now() - interval '6 day'),
       ('admin', 'title44', 'content44', 'admin', now() - interval '6 day', 'admin', now() - interval '6 day'),
       ('admin', 'title45', 'content45', 'admin', now() - interval '6 day', 'admin', now() - interval '6 day'),
       ('admin', 'title46', 'content46', 'admin', now() - interval '5 day', 'admin', now() - interval '5 day'),
       ('admin', 'title47', 'content47', 'admin', now() - interval '5 day', 'admin', now() - interval '5 day'),
       ('admin', 'title48', 'content48', 'admin', now() - interval '5 day', 'admin', now() - interval '5 day'),
       ('admin', 'title49', 'content49', 'admin', now() - interval '5 day', 'admin', now() - interval '5 day'),
       ('admin', 'title50', 'content50', 'admin', now() - interval '5 day', 'admin', now() - interval '5 day'),
       ('admin', 'title51', 'content51', 'admin', now() - interval '5 day', 'admin', now() - interval '5 day'),
       ('admin', 'title52', 'content52', 'admin', now() - interval '4 day', 'admin', now() - interval '4 day'),
       ('admin', 'title53', 'content53', 'admin', now() - interval '4 day', 'admin', now() - interval '4 day'),
       ('admin', 'title54', 'content54', 'admin', now() - interval '4 day', 'admin', now() - interval '4 day'),
       ('admin', 'title55', 'content55', 'admin', now() - interval '4 day', 'admin', now() - interval '4 day'),
       ('admin', 'title56', 'content56', 'admin', now() - interval '4 day', 'admin', now() - interval '4 day'),
       ('admin', 'title57', 'content57', 'admin', now() - interval '4 day', 'admin', now() - interval '4 day'),
       ('admin', 'title58', 'content58', 'admin', now() - interval '3 day', 'admin', now() - interval '3 day'),
       ('admin', 'title59', 'content59', 'admin', now() - interval '3 day', 'admin', now() - interval '3 day'),
       ('admin', 'title60', 'content60', 'admin', now() - interval '3 day', 'admin', now() - interval '3 day'),
       ('admin', 'title61', 'content61', 'admin', now() - interval '3 day', 'admin', now() - interval '3 day'),
       ('admin', 'title62', 'content62', 'admin', now() - interval '2 day', 'admin', now() - interval '2 day'),
       ('admin', 'title63', 'content63', 'admin', now() - interval '2 day', 'admin', now() - interval '2 day'),
       ('admin', 'title64', 'content64', 'admin', now() - interval '2 day', 'admin', now() - interval '2 day'),
       ('admin', 'title65', 'content65', 'admin', now(), 'admin', now());

-- 질문 게시글
insert into question_board(user_id, title, content, tag, view_count, created_by, created_at, modified_by, modified_at)
values ('tester', 'question title', 'content', 'Free', 0, 'tester', now() - interval '12 day', 'tester', now() - interval '12 day'),
       ('tester', 'question title2', 'content2', 'Free', 0, 'tester', now() - interval '12 day', 'tester', now() - interval '12 day'),
       ('tester', 'question title3', 'content3', 'Free', 0, 'tester', now() - interval '12 day', 'tester', now() - interval '12 day'),
       ('tester', 'question title4', 'content4', 'Free', 0, 'tester', now() - interval '12 day', 'tester', now() - interval '12 day'),
       ('tester', 'question title5', 'content5', 'Free', 0, 'tester', now() - interval '11 day', 'tester', now() - interval '11 day'),
       ('tester', 'question title6', 'content6', 'Free', 0, 'tester', now() - interval '11 day', 'tester', now() - interval '11 day'),
       ('tester', 'question title7', 'content7', 'Free', 0, 'tester', now() - interval '11 day', 'tester', now() - interval '11 day'),
       ('tester', 'question title8', 'content8', 'Free', 0, 'tester', now() - interval '11 day', 'tester', now() - interval '11 day'),
       ('tester', 'question title9', 'content9', 'Free', 0, 'tester', now() - interval '10 day', 'tester', now() - interval '10 day'),
       ('tester', 'question title10', 'content10', 'Free', 0, 'tester', now() - interval '10 day', 'tester', now() - interval '10 day'),
       ('tester', 'question title11', 'content11', 'Free', 0, 'tester', now() - interval '10 day', 'tester', now() - interval '10 day'),
       ('tester', 'question title12', 'content12', 'Free', 0, 'tester', now() - interval '10 day', 'tester', now() - interval '10 day'),
       ('tester', 'question title13', 'content13', 'Free', 0, 'tester', now() - interval '9 day', 'tester', now() - interval '9 day'),
       ('tester', 'question title14', 'content14', 'English', 0, 'tester', now() - interval '9 day', 'tester', now() - interval '9 day'),
       ('tester', 'question title15', 'content15', 'English', 0, 'tester', now() - interval '9 day', 'tester', now() - interval '9 day'),
       ('tester', 'question title16', 'content16', 'English', 0, 'tester', now() - interval '8 day', 'tester', now() - interval '8 day'),
       ('tester', 'question title17', 'content17', 'IT', 0, 'tester', now() - interval '7 day', 'tester', now() - interval '7 day'),
       ('tester', 'question title18', 'content18', 'IT', 0, 'tester', now() - interval '6 day', 'tester', now() - interval '6 day'),
       ('tester', 'question title19', 'content19', 'IT', 0, 'tester', now() - interval '5 day', 'tester', now() - interval '5 day'),
       ('tester', 'question title20', 'content20', 'IT', 0, 'tester', now() - interval '4 day', 'tester', now() - interval '4 day'),
       ('tester', 'question title21', 'content21', 'IT', 0, 'tester', now() - interval '3 day', 'tester', now() - interval '3 day'),
       ('tester', 'question title22', 'content22', 'IT', 0, 'tester', now() - interval '2 day', 'tester', now() - interval '2 day'),
       ('tester', 'question title23', 'content23', 'IT', 0, 'tester', now() - interval '1 day', 'tester', now() - interval '1 day'),
       ('tester', 'question title24', 'content content content content content content content content content content content content', 'Free', 0, 'tester', now(), 'tester', now());

-- 질문 게시글 댓글
insert into question_board_comment(user_id, comment, question_board_id, created_by, created_at, modified_by, modified_at)
values ('tester2', 'comment1', 24, 'tester2', now(), 'tester2', now()),
       ('tester2', 'comment2', 24, 'tester2', now(), 'tester2', now()),
       ('tester', 'comment3', 24, 'tester2', now(), 'tester2', now()),
       ('tester', 'comment4', 24, 'tester2', now(), 'tester2', now()),
       ('tester', 'comment5', 24, 'tester2', now(), 'tester2', now()),
       ('tester2', 'comment6', 24, 'tester2', now(), 'tester2', now()),
       ('tester2', 'comment7', 24, 'tester2', now(), 'tester2', now()),
       ('tester2', 'comment8', 24, 'tester2', now(), 'tester2', now()),
       ('tester2', 'comment9', 24, 'tester2', now(), 'tester2', now()),
       ('tester2', 'comment10', 24, 'tester2', now(), 'tester2', now()),
       ('tester2', 'comment11', 24, 'tester2', now(), 'tester2', now()),
       ('tester2', 'comment12', 24, 'tester2', now(), 'tester2', now()),
       ('tester2', 'comment13', 24, 'tester2', now(), 'tester2', now()),
       ('tester2', 'comment14', 24, 'tester2', now(), 'tester2', now()),
       ('tester2', 'comment15', 24, 'tester2', now(), 'tester2', now()),
       ('tester2', 'comment16', 23, 'tester2', now(), 'tester2', now()),
       ('tester2', 'comment17', 23, 'tester2', now(), 'tester2', now()),
       ('tester2', 'comment18', 23, 'tester2', now(), 'tester2', now()),
       ('tester2', 'comment19', 23, 'tester2', now(), 'tester2', now()),
       ('tester2', 'comment20', 23, 'tester2', now(), 'tester2', now());